item,sweep,seed,model_size,epochs,batch_size,lr,drop_rate,weight_decay,balanced,train_accuracy,val_accuracy,test_accuracy,train_loss,val_loss,test_loss,time_minutes
1,reference,765,gpt2-medium (355M),5,8,5e-05,0.0,0.1,1,1.0,1.0,1.0,0.00722,0.01322,0.009316,0.388921
2,reference,275,gpt2-medium (355M),5,8,5e-05,0.0,0.1,1,1.0,0.978355,0.987013,0.005039,0.02949,0.019973,0.389212
3,reference,615,gpt2-medium (355M),5,8,5e-05,0.0,0.1,1,1.0,0.978355,0.987013,0.003533,0.109719,0.071186,0.385043
4,reference,16,gpt2-medium (355M),5,8,5e-05,0.0,0.1,1,1.0,1.0,1.0,0.004521,0.010318,0.006154,0.389094
5,reference,517,gpt2-medium (355M),5,8,5e-05,0.0,0.1,1,1.0,1.0,1.0,0.003934,0.00797,0.003041,0.388231
6,reference,562,gpt2-medium (355M),5,8,5e-05,0.0,0.1,1,1.0,0.978355,0.987013,0.007071,0.091061,0.059618,0.387491
7,reference,178,gpt2-medium (355M),5,8,5e-05,0.0,0.1,1,1.0,0.978355,0.987013,0.009252,0.031615,0.021217,0.392234
8,reference,500,gpt2-medium (355M),5,8,5e-05,0.0,0.1,1,1.0,1.0,1.0,0.009718,0.018989,0.011299,0.387374
9,reference,300,gpt2-medium (355M),5,8,5e-05,0.0,0.1,1,1.0,0.978355,0.987013,0.023357,0.040856,0.031894,0.386959
10,reference,806,gpt2-medium (355M),5,8,5e-05,0.0,0.1,1,1.0,1.0,1.0,0.007963,0.021816,0.013212,0.388493
11,reference,743,gpt2-medium (355M),5,8,5e-05,0.0,0.1,1,1.0,1.0,1.0,0.004377,0.008296,0.004773,0.385141
12,reference,398,gpt2-medium (355M),5,8,5e-05,0.0,0.1,1,1.0,1.0,1.0,0.003704,0.015716,0.009943,0.384612
13,reference,652,gpt2-medium (355M),5,8,5e-05,0.0,0.1,1,1.0,1.0,1.0,0.004462,0.012976,0.006462,0.380372
14,reference,407,gpt2-medium (355M),5,8,5e-05,0.0,0.1,1,1.0,1.0,1.0,0.005553,0.00973,0.006071,0.390378
15,reference,919,gpt2-medium (355M),5,8,5e-05,0.0,0.1,1,1.0,1.0,1.0,0.00691,0.015868,0.011326,0.380741
16,reference,485,gpt2-medium (355M),5,8,5e-05,0.0,0.1,1,0.993056,0.982684,0.991342,0.031749,0.064313,0.030924,0.386156
17,reference,716,gpt2-medium (355M),5,8,5e-05,0.0,0.1,1,1.0,1.0,1.0,0.00459,0.016279,0.010272,0.386088
18,reference,549,gpt2-medium (355M),5,8,5e-05,0.0,0.1,1,1.0,1.0,1.0,0.010498,0.017341,0.010161,0.387881
19,reference,207,gpt2-medium (355M),5,8,5e-05,0.0,0.1,1,1.0,0.978355,0.987013,0.023515,0.068998,0.048972,0.382926
20,reference,297,gpt2-medium (355M),5,8,5e-05,0.0,0.1,1,1.0,1.0,1.0,0.037587,0.070585,0.047989,0.383053
21,reference,220,gpt2-medium (355M),5,8,5e-05,0.0,0.1,1,1.0,0.978355,0.987013,0.012823,0.036679,0.023177,0.380452
22,reference,27,gpt2-medium (355M),5,8,5e-05,0.0,0.1,1,1.0,1.0,1.0,0.005519,0.009739,0.006205,0.387466
23,reference,359,gpt2-medium (355M),5,8,5e-05,0.0,0.1,1,1.0,1.0,1.0,0.003851,0.008743,0.005108,0.366579
24,reference,469,gpt2-medium (355M),5,8,5e-05,0.0,0.1,1,1.0,1.0,1.0,0.005046,0.013237,0.009112,0.386226
25,reference,728,gpt2-medium (355M),5,8,5e-05,0.0,0.1,1,1.0,0.978355,0.987013,0.019501,0.048333,0.0285,0.370009
26,reference,721,gpt2-medium (355M),5,8,5e-05,0.0,0.1,1,1.0,1.0,1.0,0.004398,0.016393,0.011635,0.384839
27,reference,317,gpt2-medium (355M),5,8,5e-05,0.0,0.1,1,1.0,1.0,1.0,0.018233,0.030772,0.021365,0.376019
28,reference,41,gpt2-medium (355M),5,8,5e-05,0.0,0.1,1,1.0,1.0,1.0,0.006447,0.008242,0.006094,0.385199
29,reference,581,gpt2-medium (355M),5,8,5e-05,0.0,0.1,1,1.0,0.978355,0.987013,0.006132,0.035244,0.023058,0.37551
30,reference,907,gpt2-medium (355M),5,8,5e-05,0.0,0.1,1,1.0,1.0,1.0,0.004068,0.007941,0.004643,0.383928
31,batch_size,275,gpt2-medium (355M),5,3,5e-05,0.0,0.1,1,1.0,0.978355,0.987013,0.000826,0.029585,0.017894,0.801456
32,batch_size,765,gpt2-medium (355M),5,3,5e-05,0.0,0.1,1,1.0,1.0,1.0,0.000891,0.004018,0.002514,0.789665
33,batch_size,16,gpt2-medium (355M),5,3,5e-05,0.0,0.1,1,1.0,1.0,1.0,0.000694,0.002228,0.001334,0.791785
34,batch_size,615,gpt2-medium (355M),5,3,5e-05,0.0,0.1,1,1.0,0.978355,0.987013,0.000684,0.114276,0.068574,0.793562
35,batch_size,517,gpt2-medium (355M),5,3,5e-05,0.0,0.1,1,1.0,1.0,1.0,0.000643,0.001251,0.000559,0.796782
36,batch_size,562,gpt2-medium (355M),5,3,5e-05,0.0,0.1,1,1.0,0.978355,0.987013,0.000975,0.124763,0.074995,0.80157
37,batch_size,178,gpt2-medium (355M),5,3,5e-05,0.0,0.1,1,1.0,0.978355,0.987013,0.000883,0.025012,0.015019,0.808298
38,batch_size,500,gpt2-medium (355M),5,3,5e-05,0.0,0.1,1,1.0,1.0,1.0,0.000886,0.003445,0.002055,0.785048
39,batch_size,300,gpt2-medium (355M),5,3,5e-05,0.0,0.1,1,1.0,0.978355,0.987013,0.001214,0.021276,0.012986,0.797486
40,batch_size,806,gpt2-medium (355M),5,3,5e-05,0.0,0.1,1,1.0,1.0,1.0,0.000615,0.012204,0.007274,0.798643
41,batch_size,398,gpt2-medium (355M),5,3,5e-05,0.0,0.1,1,1.0,1.0,1.0,0.00068,0.010374,0.006237,0.797383
42,batch_size,743,gpt2-medium (355M),5,3,5e-05,0.0,0.1,1,1.0,1.0,1.0,0.000766,0.002018,0.001139,0.79559
43,batch_size,652,gpt2-medium (355M),5,3,5e-05,0.0,0.1,1,1.0,1.0,1.0,0.000612,0.005053,0.002863,0.797459
44,batch_size,407,gpt2-medium (355M),5,3,5e-05,0.0,0.1,1,1.0,1.0,1.0,0.000731,0.001431,0.000902,0.804046
45,batch_size,919,gpt2-medium (355M),5,3,5e-05,0.0,0.1,1,1.0,1.0,1.0,0.000767,0.010361,0.006345,0.788039
46,batch_size,485,gpt2-medium (355M),5,3,5e-05,0.0,0.1,1,1.0,1.0,1.0,0.00124,0.003875,0.002219,0.797397
47,batch_size,716,gpt2-medium (355M),5,3,5e-05,0.0,0.1,1,1.0,1.0,1.0,0.000602,0.014892,0.008915,0.795465
48,batch_size,549,gpt2-medium (355M),5,3,5e-05,0.0,0.1,1,1.0,1.0,1.0,0.001052,0.003183,0.001947,0.811081
49,batch_size,207,gpt2-medium (355M),5,3,5e-05,0.0,0.1,1,1.0,0.978355,0.987013,0.001433,0.037327,0.02285,0.794146
50,batch_size,297,gpt2-medium (355M),5,3,5e-05,0.0,0.1,1,1.0,0.978355,0.987013,0.001445,0.020316,0.012352,0.804692
51,batch_size,27,gpt2-medium (355M),5,3,5e-05,0.0,0.1,1,1.0,1.0,1.0,0.000802,0.002153,0.001362,0.790743
52,batch_size,220,gpt2-medium (355M),5,3,5e-05,0.0,0.1,1,1.0,0.978355,0.987013,0.00115,0.018933,0.011393,0.824001
53,batch_size,359,gpt2-medium (355M),5,3,5e-05,0.0,0.1,1,1.0,1.0,1.0,0.000561,0.002566,0.001547,0.789155
54,batch_size,469,gpt2-medium (355M),5,3,5e-05,0.0,0.1,1,1.0,1.0,1.0,0.000779,0.007401,0.004559,0.806542
55,batch_size,728,gpt2-medium (355M),5,3,5e-05,0.0,0.1,1,1.0,0.978355,0.987013,0.000895,0.047767,0.028626,0.790979
56,batch_size,721,gpt2-medium (355M),5,3,5e-05,0.0,0.1,1,1.0,1.0,1.0,0.000741,0.011228,0.006921,0.817033
57,batch_size,317,gpt2-medium (355M),5,3,5e-05,0.0,0.1,1,1.0,1.0,1.0,0.000972,0.00228,0.001456,0.788578
58,batch_size,41,gpt2-medium (355M),5,3,5e-05,0.0,0.1,1,1.0,1.0,1.0,0.000814,0.001598,0.001046,0.789667
59,batch_size,581,gpt2-medium (355M),5,3,5e-05,0.0,0.1,1,1.0,0.978355,0.987013,0.000852,0.027907,0.016794,0.788287
60,batch_size,907,gpt2-medium (355M),5,3,5e-05,0.0,0.1,1,1.0,1.0,1.0,0.000623,0.001754,0.001026,0.793863
61,batch_size,275,gpt2-medium (355M),5,5,5e-05,0.0,0.1,1,1.0,0.978355,0.987013,0.001712,0.023534,0.031563,0.494387
62,batch_size,765,gpt2-medium (355M),5,5,5e-05,0.0,0.1,1,1.0,1.0,1.0,0.002207,0.004923,0.005192,0.497636
63,batch_size,16,gpt2-medium (355M),5,5,5e-05,0.0,0.1,1,1.0,1.0,1.0,0.00145,0.004312,0.004399,0.501502
64,batch_size,615,gpt2-medium (355M),5,5,5e-05,0.0,0.1,1,1.0,0.978355,0.987013,0.001354,0.101699,0.140649,0.507086
65,batch_size,517,gpt2-medium (355M),5,5,5e-05,0.0,0.1,1,1.0,1.0,1.0,0.001318,0.002219,0.001289,0.498664
66,batch_size,562,gpt2-medium (355M),5,5,5e-05,0.0,0.1,1,1.0,0.978355,0.987013,0.002375,0.095491,0.131315,0.519231
67,batch_size,178,gpt2-medium (355M),5,5,5e-05,0.0,0.1,1,1.0,0.978355,0.987013,0.002268,0.026718,0.034911,0.506961
68,batch_size,500,gpt2-medium (355M),5,5,5e-05,0.0,0.1,1,1.0,1.0,1.0,0.002367,0.005901,0.005473,0.514632
69,batch_size,300,gpt2-medium (355M),5,5,5e-05,0.0,0.1,1,1.0,0.978355,0.987013,0.003622,0.02149,0.027528,0.495857
70,batch_size,806,gpt2-medium (355M),5,5,5e-05,0.0,0.1,1,1.0,1.0,1.0,0.001653,0.012539,0.01536,0.498094
71,batch_size,398,gpt2-medium (355M),5,5,5e-05,0.0,0.1,1,1.0,1.0,1.0,0.001451,0.0134,0.017141,0.499747
72,batch_size,743,gpt2-medium (355M),5,5,5e-05,0.0,0.1,1,1.0,1.0,1.0,0.001659,0.003018,0.002332,0.501527
73,batch_size,652,gpt2-medium (355M),5,5,5e-05,0.0,0.1,1,1.0,1.0,1.0,0.001393,0.005015,0.004764,0.512333
74,batch_size,407,gpt2-medium (355M),5,5,5e-05,0.0,0.1,1,1.0,1.0,1.0,0.001776,0.003656,0.003112,0.496353
75,batch_size,919,gpt2-medium (355M),5,5,5e-05,0.0,0.1,1,1.0,1.0,1.0,0.001838,0.008981,0.011216,0.494875
76,batch_size,485,gpt2-medium (355M),5,5,5e-05,0.0,0.1,1,1.0,1.0,1.0,0.004581,0.009093,0.006535,0.509953
77,batch_size,716,gpt2-medium (355M),5,5,5e-05,0.0,0.1,1,1.0,1.0,1.0,0.001463,0.008821,0.010767,0.507915
78,batch_size,549,gpt2-medium (355M),5,5,5e-05,0.0,0.1,1,1.0,1.0,1.0,0.00247,0.009807,0.011037,0.508067
79,batch_size,207,gpt2-medium (355M),5,5,5e-05,0.0,0.1,1,1.0,0.978355,0.987013,0.0041,0.025024,0.032814,0.510963
80,batch_size,297,gpt2-medium (355M),5,5,5e-05,0.0,0.1,1,1.0,0.978355,0.987013,0.004872,0.027345,0.03241,0.505812
81,batch_size,27,gpt2-medium (355M),5,5,5e-05,0.0,0.1,1,1.0,1.0,1.0,0.001681,0.004106,0.003948,0.493538
82,batch_size,220,gpt2-medium (355M),5,5,5e-05,0.0,0.1,1,1.0,0.978355,0.987013,0.003097,0.020419,0.025535,0.494058
83,batch_size,359,gpt2-medium (355M),5,5,5e-05,0.0,0.1,1,1.0,1.0,1.0,0.001217,0.003815,0.00369,0.502135
84,batch_size,469,gpt2-medium (355M),5,5,5e-05,0.0,0.1,1,1.0,1.0,1.0,0.001686,0.008697,0.010958,0.500806
85,batch_size,728,gpt2-medium (355M),5,5,5e-05,0.0,0.1,1,1.0,0.978355,0.987013,0.0032,0.030527,0.039323,0.495203
86,batch_size,721,gpt2-medium (355M),5,5,5e-05,0.0,0.1,1,1.0,1.0,1.0,0.001664,0.009926,0.01279,0.499741
87,batch_size,317,gpt2-medium (355M),5,5,5e-05,0.0,0.1,1,1.0,1.0,1.0,0.002956,0.005693,0.005571,0.495132
88,batch_size,41,gpt2-medium (355M),5,5,5e-05,0.0,0.1,1,1.0,1.0,1.0,0.001812,0.003699,0.003083,0.497753
89,batch_size,581,gpt2-medium (355M),5,5,5e-05,0.0,0.1,1,1.0,0.978355,0.987013,0.00199,0.027892,0.03687,0.513475
90,batch_size,907,gpt2-medium (355M),5,5,5e-05,0.0,0.1,1,1.0,1.0,1.0,0.001393,0.002909,0.002606,0.50353
91,batch_size,275,gpt2-medium (355M),5,13,5e-05,0.0,0.1,1,1.0,1.0,1.0,0.05336,0.072038,0.053337,0.294618
92,batch_size,765,gpt2-medium (355M),5,13,5e-05,0.0,0.1,1,0.978304,0.974026,0.982684,0.089438,0.107917,0.084493,0.31593
93,batch_size,16,gpt2-medium (355M),5,13,5e-05,0.0,0.1,1,0.996055,0.974026,1.0,0.046022,0.077722,0.042931,0.286702
94,batch_size,615,gpt2-medium (355M),5,13,5e-05,0.0,0.1,1,1.0,0.978355,0.987013,0.015794,0.096697,0.064202,0.311092
95,batch_size,517,gpt2-medium (355M),5,13,5e-05,0.0,0.1,1,0.996055,0.974026,1.0,0.020333,0.045045,0.016404,0.307001
96,batch_size,562,gpt2-medium (355M),5,13,5e-05,0.0,0.1,1,1.0,0.978355,0.987013,0.059488,0.116888,0.074465,0.311978
97,batch_size,178,gpt2-medium (355M),5,13,5e-05,0.0,0.1,1,0.988166,0.965368,1.0,0.204695,0.260037,0.187846,0.305042
98,batch_size,500,gpt2-medium (355M),5,13,5e-05,0.0,0.1,1,0.996055,0.974026,1.0,0.09488,0.14163,0.095717,0.31696
99,batch_size,300,gpt2-medium (355M),5,13,5e-05,0.0,0.1,1,0.939842,0.930736,0.948052,0.426974,0.456423,0.411747,0.285425
100,batch_size,806,gpt2-medium (355M),5,13,5e-05,0.0,0.1,1,0.985207,0.965368,1.0,0.181793,0.215462,0.170466,0.315498
101,batch_size,398,gpt2-medium (355M),5,13,5e-05,0.0,0.1,1,1.0,0.978355,0.987013,0.020758,0.051929,0.028505,0.293176
102,batch_size,743,gpt2-medium (355M),5,13,5e-05,0.0,0.1,1,1.0,1.0,1.0,0.025441,0.043822,0.021021,0.31226
103,batch_size,652,gpt2-medium (355M),5,13,5e-05,0.0,0.1,1,0.996055,0.974026,1.0,0.043606,0.087422,0.038229,0.286489
104,batch_size,407,gpt2-medium (355M),5,13,5e-05,0.0,0.1,1,0.987179,0.965368,0.987013,0.068704,0.108002,0.069,0.315864
105,batch_size,919,gpt2-medium (355M),5,13,5e-05,0.0,0.1,1,1.0,1.0,1.0,0.07344,0.089197,0.072671,0.303252
106,batch_size,485,gpt2-medium (355M),5,13,5e-05,0.0,0.1,1,0.930966,0.900433,0.935065,0.516948,0.562224,0.477894,0.313697
107,batch_size,716,gpt2-medium (355M),5,13,5e-05,0.0,0.1,1,1.0,1.0,1.0,0.035212,0.056197,0.032399,0.296857
108,batch_size,549,gpt2-medium (355M),5,13,5e-05,0.0,0.1,1,0.985207,0.965368,1.0,0.168956,0.246161,0.146108,0.312637
109,batch_size,207,gpt2-medium (355M),5,13,5e-05,0.0,0.1,1,0.928994,0.883117,0.930736,0.391752,0.445306,0.381848,0.284011
110,batch_size,297,gpt2-medium (355M),5,13,5e-05,0.0,0.1,1,0.935897,0.896104,0.935065,0.735946,0.785046,0.761486,0.315697
111,batch_size,220,gpt2-medium (355M),5,13,5e-05,0.0,0.1,1,0.978304,0.948052,0.991342,0.114941,0.163919,0.093678,0.278238
112,batch_size,27,gpt2-medium (355M),5,13,5e-05,0.0,0.1,1,1.0,1.0,1.0,0.055914,0.076747,0.05102,0.310512
113,batch_size,359,gpt2-medium (355M),5,13,5e-05,0.0,0.1,1,1.0,1.0,1.0,0.031454,0.057689,0.034571,0.273906
114,batch_size,469,gpt2-medium (355M),5,13,5e-05,0.0,0.1,1,0.993097,0.982684,0.991342,0.058754,0.084622,0.052886,0.314685
115,batch_size,728,gpt2-medium (355M),5,13,5e-05,0.0,0.1,1,0.957594,0.930736,0.95671,0.339519,0.39365,0.316076,0.259045
116,batch_size,721,gpt2-medium (355M),5,13,5e-05,0.0,0.1,1,1.0,1.0,1.0,0.023036,0.037935,0.027746,0.304091
117,batch_size,317,gpt2-medium (355M),5,13,5e-05,0.0,0.1,1,0.983235,0.952381,0.991342,0.418855,0.453139,0.425055,0.249753
118,batch_size,41,gpt2-medium (355M),5,13,5e-05,0.0,0.1,1,1.0,1.0,1.0,0.041891,0.058661,0.04165,0.292684
119,batch_size,581,gpt2-medium (355M),5,13,5e-05,0.0,0.1,1,1.0,0.978355,0.987013,0.042842,0.081675,0.059918,0.238931
120,batch_size,907,gpt2-medium (355M),5,13,5e-05,0.0,0.1,1,0.993097,0.982684,0.991342,0.035457,0.062679,0.028627,0.280896
121,epochs,275,gpt2-medium (355M),3,8,5e-05,0.0,0.1,1,0.955357,0.900433,0.965368,0.286902,0.361328,0.27366,0.205392
122,epochs,765,gpt2-medium (355M),3,8,5e-05,0.0,0.1,1,0.957341,0.926407,0.978355,0.368055,0.399186,0.329613,0.233963
123,epochs,16,gpt2-medium (355M),3,8,5e-05,0.0,0.1,1,0.989087,0.965368,1.0,0.252717,0.310801,0.23424,0.203023
124,epochs,615,gpt2-medium (355M),3,8,5e-05,0.0,0.1,1,0.986111,0.943723,0.987013,0.091723,0.16395,0.079936,0.23001
125,epochs,517,gpt2-medium (355M),3,8,5e-05,0.0,0.1,1,0.977183,0.969697,0.982684,0.081765,0.103873,0.071355,0.205742
126,epochs,562,gpt2-medium (355M),3,8,5e-05,0.0,0.1,1,0.950397,0.909091,0.948052,0.242411,0.312722,0.232916,0.231138
127,epochs,178,gpt2-medium (355M),3,8,5e-05,0.0,0.1,1,0.920635,0.861472,0.926407,0.704514,0.748153,0.667602,0.211158
128,epochs,500,gpt2-medium (355M),3,8,5e-05,0.0,0.1,1,0.969246,0.943723,0.974026,0.422426,0.479197,0.434479,0.236604
129,epochs,300,gpt2-medium (355M),3,8,5e-05,0.0,0.1,1,0.910714,0.896104,0.909091,0.898702,0.932068,0.893162,0.205661
130,epochs,806,gpt2-medium (355M),3,8,5e-05,0.0,0.1,1,0.887897,0.909091,0.917749,0.581895,0.579463,0.570875,0.227996
131,epochs,398,gpt2-medium (355M),3,8,5e-05,0.0,0.1,1,0.996032,0.952381,0.987013,0.091525,0.130391,0.085101,0.219616
132,epochs,743,gpt2-medium (355M),3,8,5e-05,0.0,0.1,1,0.979167,0.952381,0.982684,0.207129,0.277716,0.191673,0.235808
133,epochs,652,gpt2-medium (355M),3,8,5e-05,0.0,0.1,1,0.979167,0.952381,0.991342,0.280083,0.331012,0.254556,0.223132
134,epochs,407,gpt2-medium (355M),3,8,5e-05,0.0,0.1,1,0.962302,0.935065,0.965368,0.370737,0.417023,0.377281,0.237096
135,epochs,919,gpt2-medium (355M),3,8,5e-05,0.0,0.1,1,0.93254,0.91342,0.952381,0.326037,0.360759,0.315613,0.217523
136,epochs,485,gpt2-medium (355M),3,8,5e-05,0.0,0.1,1,0.860119,0.792208,0.896104,1.025095,1.036771,0.987116,0.238938
137,epochs,716,gpt2-medium (355M),3,8,5e-05,0.0,0.1,1,0.977183,0.95671,1.0,0.135981,0.191048,0.114239,0.230253
138,epochs,549,gpt2-medium (355M),3,8,5e-05,0.0,0.1,1,0.918651,0.865801,0.91342,0.617559,0.698571,0.579189,0.236966
139,epochs,207,gpt2-medium (355M),3,8,5e-05,0.0,0.1,1,0.821429,0.809524,0.857143,0.87189,0.906402,0.864234,0.23014
140,epochs,297,gpt2-medium (355M),3,8,5e-05,0.0,0.1,1,0.639881,0.627706,0.614719,1.193819,1.214838,1.243775,0.241216
141,epochs,220,gpt2-medium (355M),3,8,5e-05,0.0,0.1,1,0.963294,0.948052,0.978355,0.479716,0.500052,0.460329,0.226976
142,epochs,27,gpt2-medium (355M),3,8,5e-05,0.0,0.1,1,0.934524,0.922078,0.917749,0.340144,0.366105,0.325284,0.241309
143,epochs,359,gpt2-medium (355M),3,8,5e-05,0.0,0.1,1,0.996032,0.952381,0.987013,0.190027,0.23183,0.203426,0.221308
144,epochs,469,gpt2-medium (355M),3,8,5e-05,0.0,0.1,1,0.94246,0.917749,0.961039,0.28023,0.334465,0.2612,0.238329
145,epochs,728,gpt2-medium (355M),3,8,5e-05,0.0,0.1,1,0.802579,0.800866,0.822511,0.925229,0.937626,0.912571,0.218444
146,epochs,721,gpt2-medium (355M),3,8,5e-05,0.0,0.1,1,1.0,1.0,1.0,0.093064,0.126843,0.091946,0.238148
147,epochs,317,gpt2-medium (355M),3,8,5e-05,0.0,0.1,1,0.861111,0.839827,0.87013,0.924055,0.955209,0.94244,0.22802
148,epochs,41,gpt2-medium (355M),3,8,5e-05,0.0,0.1,1,0.969246,0.917749,0.961039,0.405911,0.46603,0.413752,0.235152
149,epochs,581,gpt2-medium (355M),3,8,5e-05,0.0,0.1,1,0.972222,0.939394,0.978355,0.277229,0.348737,0.289334,0.223844
150,epochs,907,gpt2-medium (355M),3,8,5e-05,0.0,0.1,1,0.978175,0.948052,0.991342,0.244406,0.295903,0.218111,0.236583
151,epochs,275,gpt2-medium (355M),4,8,5e-05,0.0,0.1,1,1.0,0.978355,0.987013,0.017579,0.049453,0.034607,0.299852
152,epochs,765,gpt2-medium (355M),4,8,5e-05,0.0,0.1,1,1.0,1.0,1.0,0.032017,0.039991,0.029648,0.311439
153,epochs,16,gpt2-medium (355M),4,8,5e-05,0.0,0.1,1,1.0,1.0,1.0,0.017145,0.037017,0.022504,0.300641
154,epochs,615,gpt2-medium (355M),4,8,5e-05,0.0,0.1,1,1.0,0.978355,0.987013,0.009861,0.090598,0.057572,0.311814
155,epochs,517,gpt2-medium (355M),4,8,5e-05,0.0,0.1,1,1.0,1.0,1.0,0.011256,0.02341,0.008469,0.301543
156,epochs,562,gpt2-medium (355M),4,8,5e-05,0.0,0.1,1,1.0,0.978355,0.987013,0.025007,0.097964,0.06181,0.312956
157,epochs,178,gpt2-medium (355M),4,8,5e-05,0.0,0.1,1,0.996032,0.974026,1.0,0.068665,0.102332,0.064157,0.30515
158,epochs,500,gpt2-medium (355M),4,8,5e-05,0.0,0.1,1,0.996032,0.974026,1.0,0.041477,0.071704,0.042216,0.313671
159,epochs,300,gpt2-medium (355M),4,8,5e-05,0.0,0.1,1,0.988095,1.0,0.982684,0.177264,0.196416,0.173342,0.306827
160,epochs,806,gpt2-medium (355M),4,8,5e-05,0.0,0.1,1,0.989087,0.991342,1.0,0.067117,0.089339,0.054959,0.315953
161,epochs,398,gpt2-medium (355M),4,8,5e-05,0.0,0.1,1,1.0,1.0,1.0,0.010292,0.027304,0.016483,0.301458
162,epochs,743,gpt2-medium (355M),4,8,5e-05,0.0,0.1,1,1.0,1.0,1.0,0.015991,0.029414,0.016084,0.312256
163,epochs,652,gpt2-medium (355M),4,8,5e-05,0.0,0.1,1,1.0,1.0,1.0,0.018591,0.041167,0.017303,0.309389
164,epochs,407,gpt2-medium (355M),4,8,5e-05,0.0,0.1,1,0.996032,0.974026,1.0,0.026715,0.052925,0.022915,0.318223
165,epochs,919,gpt2-medium (355M),4,8,5e-05,0.0,0.1,1,1.0,1.0,1.0,0.031559,0.040224,0.033345,0.30945
166,epochs,485,gpt2-medium (355M),4,8,5e-05,0.0,0.1,1,0.990079,0.95671,0.991342,0.20001,0.271283,0.182842,0.316142
167,epochs,716,gpt2-medium (355M),4,8,5e-05,0.0,0.1,1,1.0,1.0,1.0,0.017025,0.030638,0.020052,0.294576
168,epochs,549,gpt2-medium (355M),4,8,5e-05,0.0,0.1,1,0.996032,0.974026,1.0,0.060446,0.098898,0.050245,0.313703
169,epochs,207,gpt2-medium (355M),4,8,5e-05,0.0,0.1,1,0.979167,0.935065,0.974026,0.16146,0.198046,0.151245,0.309534
170,epochs,297,gpt2-medium (355M),4,8,5e-05,0.0,0.1,1,0.985119,0.939394,0.978355,0.368897,0.424006,0.389391,0.317758
171,epochs,220,gpt2-medium (355M),4,8,5e-05,0.0,0.1,1,0.993056,0.961039,0.978355,0.065298,0.112101,0.066055,0.300405
172,epochs,27,gpt2-medium (355M),4,8,5e-05,0.0,0.1,1,1.0,1.0,1.0,0.029429,0.045831,0.02871,0.316137
173,epochs,359,gpt2-medium (355M),4,8,5e-05,0.0,0.1,1,1.0,1.0,1.0,0.013893,0.02917,0.014892,0.305135
174,epochs,469,gpt2-medium (355M),4,8,5e-05,0.0,0.1,1,1.0,1.0,1.0,0.020553,0.030284,0.020938,0.317527
175,epochs,728,gpt2-medium (355M),4,8,5e-05,0.0,0.1,1,0.985119,0.943723,0.987013,0.111011,0.156248,0.097316,0.301876
176,epochs,721,gpt2-medium (355M),4,8,5e-05,0.0,0.1,1,1.0,1.0,1.0,0.012205,0.026095,0.019138,0.316071
177,epochs,317,gpt2-medium (355M),4,8,5e-05,0.0,0.1,1,0.989087,0.95671,0.991342,0.150807,0.179823,0.147075,0.299898
178,epochs,41,gpt2-medium (355M),4,8,5e-05,0.0,0.1,1,1.0,1.0,1.0,0.021219,0.031859,0.020947,0.318049
179,epochs,581,gpt2-medium (355M),4,8,5e-05,0.0,0.1,1,1.0,1.0,1.0,0.02336,0.044007,0.028893,0.305438
180,epochs,907,gpt2-medium (355M),4,8,5e-05,0.0,0.1,1,1.0,1.0,1.0,0.017725,0.030288,0.015722,0.316608
181,epochs,765,gpt2-medium (355M),8,8,5e-05,0.0,0.1,1,1.0,1.0,1.0,0.001177,0.004999,0.003325,0.612506
182,epochs,275,gpt2-medium (355M),8,8,5e-05,0.0,0.1,1,1.0,0.978355,0.987013,0.000935,0.021394,0.014203,0.614155
183,epochs,16,gpt2-medium (355M),8,8,5e-05,0.0,0.1,1,1.0,1.0,1.0,0.000832,0.003136,0.001968,0.604921
184,epochs,615,gpt2-medium (355M),8,8,5e-05,0.0,0.1,1,1.0,0.978355,0.987013,0.000784,0.096506,0.063323,0.604765
185,epochs,517,gpt2-medium (355M),8,8,5e-05,0.0,0.1,1,1.0,1.0,1.0,0.000777,0.001384,0.00068,0.613681
186,epochs,562,gpt2-medium (355M),8,8,5e-05,0.0,0.1,1,1.0,0.978355,0.987013,0.00139,0.095252,0.062648,0.610682
187,epochs,500,gpt2-medium (355M),8,8,5e-05,0.0,0.1,1,1.0,1.0,1.0,0.001354,0.005166,0.00316,0.609253
188,epochs,178,gpt2-medium (355M),8,8,5e-05,0.0,0.1,1,1.0,0.978355,0.987013,0.001159,0.027211,0.017875,0.60917
189,epochs,806,gpt2-medium (355M),8,8,5e-05,0.0,0.1,1,1.0,1.0,1.0,0.00093,0.011721,0.007542,0.609029
190,epochs,300,gpt2-medium (355M),8,8,5e-05,0.0,0.1,1,1.0,0.978355,0.987013,0.002247,0.021703,0.014525,0.610206
191,epochs,743,gpt2-medium (355M),8,8,5e-05,0.0,0.1,1,1.0,1.0,1.0,0.000893,0.002139,0.00131,0.618879
192,epochs,398,gpt2-medium (355M),8,8,5e-05,0.0,0.1,1,1.0,1.0,1.0,0.000868,0.009214,0.006032,0.621464
193,epochs,652,gpt2-medium (355M),8,8,5e-05,0.0,0.1,1,1.0,1.0,1.0,0.000851,0.004323,0.002513,0.611317
194,epochs,407,gpt2-medium (355M),8,8,5e-05,0.0,0.1,1,1.0,1.0,1.0,0.000929,0.002054,0.001346,0.612128
195,epochs,919,gpt2-medium (355M),8,8,5e-05,0.0,0.1,1,1.0,1.0,1.0,0.001088,0.009952,0.006662,0.612614
196,epochs,485,gpt2-medium (355M),8,8,5e-05,0.0,0.1,1,1.0,1.0,1.0,0.00222,0.006052,0.003638,0.613322
197,epochs,716,gpt2-medium (355M),8,8,5e-05,0.0,0.1,1,1.0,1.0,1.0,0.000904,0.010857,0.007038,0.608814
198,epochs,549,gpt2-medium (355M),8,8,5e-05,0.0,0.1,1,1.0,1.0,1.0,0.001513,0.003669,0.002355,0.611327
199,epochs,297,gpt2-medium (355M),8,8,5e-05,0.0,0.1,1,1.0,0.978355,0.987013,0.002224,0.019396,0.012825,0.609257
200,epochs,207,gpt2-medium (355M),8,8,5e-05,0.0,0.1,1,1.0,0.978355,0.987013,0.002155,0.027762,0.018764,0.613757
201,epochs,220,gpt2-medium (355M),8,8,5e-05,0.0,0.1,1,1.0,0.978355,0.987013,0.001611,0.018533,0.012044,0.60174
202,epochs,27,gpt2-medium (355M),8,8,5e-05,0.0,0.1,1,1.0,1.0,1.0,0.000979,0.002566,0.001645,0.610987
203,epochs,359,gpt2-medium (355M),8,8,5e-05,0.0,0.1,1,1.0,1.0,1.0,0.00072,0.002682,0.001686,0.611164
204,epochs,469,gpt2-medium (355M),8,8,5e-05,0.0,0.1,1,1.0,1.0,1.0,0.000954,0.006976,0.004677,0.612547
205,epochs,728,gpt2-medium (355M),8,8,5e-05,0.0,0.1,1,1.0,0.978355,0.987013,0.001289,0.046929,0.030701,0.597936
206,epochs,721,gpt2-medium (355M),8,8,5e-05,0.0,0.1,1,1.0,1.0,1.0,0.000993,0.010575,0.007148,0.611998
207,epochs,317,gpt2-medium (355M),8,8,5e-05,0.0,0.1,1,1.0,1.0,1.0,0.001614,0.003704,0.002616,0.610988
208,epochs,41,gpt2-medium (355M),8,8,5e-05,0.0,0.1,1,1.0,1.0,1.0,0.001024,0.002296,0.001538,0.613516
209,epochs,581,gpt2-medium (355M),8,8,5e-05,0.0,0.1,1,1.0,0.978355,0.987013,0.001064,0.019537,0.012851,0.603581
210,epochs,907,gpt2-medium (355M),8,8,5e-05,0.0,0.1,1,1.0,1.0,1.0,0.000804,0.00201,0.001259,0.609094
211,lr,275,gpt2-medium (355M),5,8,0.0001,0.0,0.1,1,1.0,0.978355,0.987013,0.0007,0.022015,0.014568,0.388508
212,lr,765,gpt2-medium (355M),5,8,0.0001,0.0,0.1,1,1.0,1.0,1.0,0.000767,0.005877,0.003875,0.387427
213,lr,615,gpt2-medium (355M),5,8,0.0001,0.0,0.1,1,1.0,0.978355,0.987013,0.000556,0.094873,0.062207,0.386053
214,lr,16,gpt2-medium (355M),5,8,0.0001,0.0,0.1,1,1.0,1.0,1.0,0.00059,0.002431,0.001523,0.389654
215,lr,517,gpt2-medium (355M),5,8,0.0001,0.0,0.1,1,1.0,1.0,1.0,0.000577,0.001046,0.000547,0.376638
216,lr,562,gpt2-medium (355M),5,8,0.0001,0.0,0.1,1,1.0,0.978355,0.987013,0.000926,0.054151,0.035595,0.386874
217,lr,178,gpt2-medium (355M),5,8,0.0001,0.0,0.1,1,1.0,0.978355,0.987013,0.000781,0.030203,0.019863,0.377096
218,lr,500,gpt2-medium (355M),5,8,0.0001,0.0,0.1,1,1.0,1.0,1.0,0.000821,0.008564,0.005554,0.388987
219,lr,300,gpt2-medium (355M),5,8,0.0001,0.0,0.1,1,1.0,0.978355,0.987013,0.00142,0.022154,0.014683,0.372661
220,lr,806,gpt2-medium (355M),5,8,0.0001,0.0,0.1,1,1.0,1.0,1.0,0.000555,0.010876,0.007029,0.383975
221,lr,398,gpt2-medium (355M),5,8,0.0001,0.0,0.1,1,1.0,1.0,1.0,0.000603,0.008423,0.005525,0.376497
222,lr,743,gpt2-medium (355M),5,8,0.0001,0.0,0.1,1,1.0,1.0,1.0,0.000633,0.001675,0.00103,0.387806
223,lr,652,gpt2-medium (355M),5,8,0.0001,0.0,0.1,1,1.0,1.0,1.0,0.000544,0.010824,0.006935,0.380978
224,lr,407,gpt2-medium (355M),5,8,0.0001,0.0,0.1,1,1.0,1.0,1.0,0.000736,0.003133,0.002063,0.390206
225,lr,919,gpt2-medium (355M),5,8,0.0001,0.0,0.1,1,1.0,1.0,1.0,0.000644,0.005302,0.003562,0.377688
226,lr,485,gpt2-medium (355M),5,8,0.0001,0.0,0.1,1,1.0,1.0,1.0,0.001431,0.004567,0.002547,0.385826
227,lr,716,gpt2-medium (355M),5,8,0.0001,0.0,0.1,1,1.0,0.978355,0.987013,0.000591,0.022911,0.015018,0.37738
228,lr,549,gpt2-medium (355M),5,8,0.0001,0.0,0.1,1,1.0,1.0,1.0,0.000975,0.00354,0.002372,0.385161
229,lr,207,gpt2-medium (355M),5,8,0.0001,0.0,0.1,1,1.0,1.0,1.0,0.001448,0.014822,0.010096,0.376149
230,lr,297,gpt2-medium (355M),5,8,0.0001,0.0,0.1,1,1.0,0.978355,0.987013,0.001429,0.02937,0.019389,0.387747
231,lr,220,gpt2-medium (355M),5,8,0.0001,0.0,0.1,1,1.0,0.978355,0.987013,0.001139,0.026005,0.017042,0.375778
232,lr,27,gpt2-medium (355M),5,8,0.0001,0.0,0.1,1,1.0,1.0,1.0,0.000594,0.002112,0.001374,0.384677
233,lr,359,gpt2-medium (355M),5,8,0.0001,0.0,0.1,1,1.0,1.0,1.0,0.000569,0.010747,0.006935,0.374255
234,lr,469,gpt2-medium (355M),5,8,0.0001,0.0,0.1,1,1.0,1.0,1.0,0.000701,0.003923,0.002644,0.384076
235,lr,728,gpt2-medium (355M),5,8,0.0001,0.0,0.1,1,1.0,0.978355,0.987013,0.000897,0.049302,0.032278,0.375804
236,lr,721,gpt2-medium (355M),5,8,0.0001,0.0,0.1,1,1.0,1.0,1.0,0.000735,0.005726,0.003893,0.388478
237,lr,317,gpt2-medium (355M),5,8,0.0001,0.0,0.1,1,1.0,1.0,1.0,0.001037,0.003048,0.002089,0.379232
238,lr,41,gpt2-medium (355M),5,8,0.0001,0.0,0.1,1,1.0,1.0,1.0,0.000685,0.003176,0.002055,0.387735
239,lr,581,gpt2-medium (355M),5,8,0.0001,0.0,0.1,1,1.0,0.978355,0.987013,0.0007,0.033792,0.02221,0.379646
240,lr,907,gpt2-medium (355M),5,8,0.0001,0.0,0.1,1,1.0,1.0,1.0,0.00057,0.001473,0.000956,0.389085
241,lr,275,gpt2-medium (355M),5,8,1e-05,0.0,0.1,1,0.279762,0.246753,0.281385,1.843505,1.84595,1.879272,0.375982
242,lr,765,gpt2-medium (355M),5,8,1e-05,0.0,0.1,1,0.272817,0.268398,0.246753,1.849533,1.847199,1.862546,0.384217
243,lr,16,gpt2-medium (355M),5,8,1e-05,0.0,0.1,1,0.274802,0.251082,0.294372,1.869387,1.869187,1.861225,0.368496
244,lr,615,gpt2-medium (355M),5,8,1e-05,0.0,0.1,1,0.303571,0.316017,0.324675,1.814833,1.803126,1.814649,0.384317
245,lr,517,gpt2-medium (355M),5,8,1e-05,0.0,0.1,1,0.452381,0.424242,0.424242,1.795782,1.809242,1.826315,0.369834
246,lr,562,gpt2-medium (355M),5,8,1e-05,0.0,0.1,1,0.301587,0.25974,0.307359,1.768586,1.806782,1.800162,0.383807
247,lr,178,gpt2-medium (355M),5,8,1e-05,0.0,0.1,1,0.227183,0.281385,0.212121,1.88103,1.86064,1.907199,0.377765
248,lr,500,gpt2-medium (355M),5,8,1e-05,0.0,0.1,1,0.285714,0.307359,0.212121,1.854968,1.862729,1.951219,0.386347
249,lr,300,gpt2-medium (355M),5,8,1e-05,0.0,0.1,1,0.256944,0.242424,0.207792,1.884244,1.90791,1.953729,0.376056
250,lr,806,gpt2-medium (355M),5,8,1e-05,0.0,0.1,1,0.22619,0.229437,0.181818,1.879912,1.884416,1.960304,0.386359
251,lr,398,gpt2-medium (355M),5,8,1e-05,0.0,0.1,1,0.412698,0.441558,0.38961,1.739866,1.746399,1.791804,0.3748
252,lr,743,gpt2-medium (355M),5,8,1e-05,0.0,0.1,1,0.277778,0.298701,0.294372,1.80576,1.824062,1.823209,0.386641
253,lr,652,gpt2-medium (355M),5,8,1e-05,0.0,0.1,1,0.266865,0.290043,0.21645,1.824307,1.82318,1.887637,0.378805
254,lr,407,gpt2-medium (355M),5,8,1e-05,0.0,0.1,1,0.235119,0.268398,0.212121,1.84772,1.879448,1.854125,0.384844
255,lr,919,gpt2-medium (355M),5,8,1e-05,0.0,0.1,1,0.27877,0.329004,0.294372,1.756456,1.73661,1.75323,0.387075
256,lr,485,gpt2-medium (355M),5,8,1e-05,0.0,0.1,1,0.198413,0.207792,0.212121,1.899401,1.908569,1.935877,0.386647
257,lr,716,gpt2-medium (355M),5,8,1e-05,0.0,0.1,1,0.275794,0.272727,0.220779,1.797826,1.810605,1.833528,0.386284
258,lr,549,gpt2-medium (355M),5,8,1e-05,0.0,0.1,1,0.222222,0.21645,0.168831,1.877571,1.869071,1.89933,0.387458
259,lr,207,gpt2-medium (355M),5,8,1e-05,0.0,0.1,1,0.205357,0.21645,0.186147,1.870062,1.876175,1.931411,0.390814
260,lr,297,gpt2-medium (355M),5,8,1e-05,0.0,0.1,1,0.244048,0.225108,0.203463,1.830975,1.821038,1.851681,0.389878
261,lr,220,gpt2-medium (355M),5,8,1e-05,0.0,0.1,1,0.276786,0.281385,0.242424,1.852275,1.856399,1.912299,0.378286
262,lr,27,gpt2-medium (355M),5,8,1e-05,0.0,0.1,1,0.298611,0.311688,0.285714,1.829964,1.843367,1.842754,0.385603
263,lr,359,gpt2-medium (355M),5,8,1e-05,0.0,0.1,1,0.253968,0.229437,0.199134,1.842664,1.844797,1.857238,0.379245
264,lr,469,gpt2-medium (355M),5,8,1e-05,0.0,0.1,1,0.238095,0.255411,0.242424,1.845139,1.851114,1.839985,0.387195
265,lr,728,gpt2-medium (355M),5,8,1e-05,0.0,0.1,1,0.206349,0.251082,0.194805,1.904987,1.917563,1.954459,0.381317
266,lr,721,gpt2-medium (355M),5,8,1e-05,0.0,0.1,1,0.365079,0.350649,0.341991,1.7213,1.725119,1.770763,0.387721
267,lr,317,gpt2-medium (355M),5,8,1e-05,0.0,0.1,1,0.294643,0.316017,0.21645,1.865094,1.867126,1.926602,0.372417
268,lr,41,gpt2-medium (355M),5,8,1e-05,0.0,0.1,1,0.304563,0.316017,0.272727,1.877485,1.884596,1.917098,0.389118
269,lr,581,gpt2-medium (355M),5,8,1e-05,0.0,0.1,1,0.295635,0.281385,0.251082,1.833945,1.838807,1.841772,0.371994
270,lr,907,gpt2-medium (355M),5,8,1e-05,0.0,0.1,1,0.215278,0.212121,0.220779,1.878418,1.887154,1.903291,0.384859
271,lr,275,gpt2-medium (355M),5,8,1e-06,0.0,0.1,1,0.142857,0.17316,0.151515,2.666497,2.614465,2.705393,0.382705
272,lr,765,gpt2-medium (355M),5,8,1e-06,0.0,0.1,1,0.114087,0.103896,0.077922,2.917504,2.93936,2.965378,0.391583
273,lr,16,gpt2-medium (355M),5,8,1e-06,0.0,0.1,1,0.141865,0.125541,0.147186,3.027964,3.14179,2.93369,0.377971
274,lr,615,gpt2-medium (355M),5,8,1e-06,0.0,0.1,1,0.130952,0.103896,0.155844,2.240563,2.230833,2.193437,0.388423
275,lr,517,gpt2-medium (355M),5,8,1e-06,0.0,0.1,1,0.140873,0.112554,0.155844,2.447214,2.585313,2.383172,0.372468
276,lr,562,gpt2-medium (355M),5,8,1e-06,0.0,0.1,1,0.139881,0.12987,0.147186,4.627437,4.827592,4.362278,0.385254
277,lr,178,gpt2-medium (355M),5,8,1e-06,0.0,0.1,1,0.142857,0.125541,0.147186,2.984658,3.045772,3.075179,0.381273
278,lr,500,gpt2-medium (355M),5,8,1e-06,0.0,0.1,1,0.161706,0.17316,0.160173,3.715455,3.76203,3.678911,0.389958
